{
  "project_info": {
    "project_number": "385737230137",
    "project_id": "test-5efd3",
    "storage_bucket": "test-5efd3.appspot.com"
  },
  "client": [
    {
      "client_info": {
        "mobilesdk_app_id": "1:385737230137:android:7d95f320f0da494b0f4ae8",
        "android_client_info": {
          "package_name": "com.example.notesapp"
        }
      },
      "oauth_client": [],
      "api_key": [
        {
          "current_key": "AIzaSyBeT25NZmA0_3M4AXSGSmbbAzkl2Rh-Tik"
        }
      ],
      "services": {
        "appinvite_service": {
          "other_platform_oauth_client": []
        }
      }
    }
  ],
  "configuration_version": "1"
}